qnr,selected,actual_ai,correct,total_time_spent
1,Text B,Text A,False,0.879767894744873
2,Text B,Text B,True,0.29398512840270996
3,Text B,Text A,False,0.25904202461242676
4,Text B,Text A,False,0.5163834095001221
5,Text B,Text A,False,0.36566686630249023
6,Text B,Text B,True,0.2753579616546631
7,Text B,Text A,False,0.3264181613922119
8,Text B,Text B,True,0.31060266494750977
9,Text B,Text B,True,0.27573657035827637
10,Text B,Text A,False,0.25936269760131836
