qnr,selected,actual_ai,correct,total_time_spent
4,Text B,Text A,False,5.17336630821228
7,Text B,Text A,False,0.3659336566925049
5,Text B,Text A,False,0.3027830123901367
9,Text B,Text A,False,0.2898836135864258
2,Text B,Text B,True,0.5369002819061279
10,Text B,Text A,False,2.863288402557373
3,Text B,Text A,False,1.0078091621398926
8,Text B,Text B,True,0.3548319339752197
1,Text B,Text B,True,0.30900025367736816
6,Text B,Text A,False,0.32424092292785645
