qnr,selected,actual_ai,correct,total_time_spent
7,Text A,Text A,True,24.886231899261475
2,Text A,Text A,True,36.71116876602173
6,Text B,Text B,True,47.078840494155884
5,Text A,Text A,True,31.884535789489746
4,Text B,Text B,True,31.706475496292114
9,Text A,Text A,True,35.78424096107483
8,Text B,Text B,True,32.18500733375549
3,Text A,Text B,False,27.974998712539673
1,Text B,Text B,True,9.45233154296875
10,Text A,Text A,True,30.30376935005188
