qnr,selected,actual_ai,correct,total_time_spent
9,Text B,Text B,True,32.97243309020996
1,Text A,Text A,True,14.978100538253784
5,Text A,Text A,True,10.064586877822876
4,Text A,Text A,True,9.59628677368164
2,Text A,Text A,True,6.865545749664307
3,Text A,Text A,True,7.61273717880249
6,Text A,Text B,False,5.616242170333862
10,Text B,Text B,True,2.662461519241333
8,Text A,Text A,True,2.196458339691162
7,Text A,Text B,False,0.41866064071655273
